{"cameraMode":{"drawMode":0,"name":"Shaded","section":"Shading Mode"},"sceneLighting":true,"audioPlay":false,"sceneViewState":{"showFog":true,"showMaterialUpdate":false,"showSkybox":true,"showFlares":true,"showImageEffects":true,"showParticleSystems":true},"in2DMode":false,"pivot":{"x":-1.1782853603363038,"y":2.4536101818084719,"z":4.376481056213379},"rotation":{"x":-0.1881834715604782,"y":-0.0008784036617726088,"z":0.00020108383614569902,"w":-0.9821580648422241},"size":3.517888069152832,"orthographic":false}